Time,Glucose (g/l),Glycerol (g/l),Biomass (g/l)
0,230.4413,,0.93824
5,228.57485,,2.18008
10,211.91205,15.1774,5.79464
15,202.3093,19.64065,8.36496
20,177.7479,27.70155,10.6936
25,168.84845,38.1158,10.7544
40,110.6098,53.99415,10.8
45,86.3189,65.19285,10.8304
75,22.50795,90.18705,10.8456
80,13.25685,96.1651,10.6784
